frame_time,left_hip,left_knee,left_ankle,left_shoulder,left_elbow,left_wrist,right_hip,right_knee,right_ankle,right_shoulder,right_elbow,right_wrist
16:33:42.543839,"[0.47849681973457336, 0.38815566897392273, 0.13258548080921173]","[0.4639870822429657, 0.5887904167175293, 0.2108800858259201]","[0.44955649971961975, 0.7802271842956543, 0.3545500338077545]","[0.47937485575675964, 0.10027289390563965, 0.14520257711410522]","[0.4741035997867584, 0.2439352571964264, 0.19305452704429626]","[0.489137202501297, 0.3601788580417633, 0.11254488676786423]","[0.4623730480670929, 0.384716659784317, -0.13263677060604095]","[0.4557857811450958, 0.6072585582733154, -0.09675408154726028]","[0.4495214521884918, 0.8251626491546631, -0.015482318587601185]","[0.44960227608680725, 0.09700888395309448, -0.27128222584724426]","[0.4401378035545349, 0.22867795825004578, -0.3426448106765747]","[0.46171894669532776, 0.36805856227874756, -0.37035420536994934]"
16:33:42.723660,"[0.47862470149993896, 0.3850345313549042, 0.1373041719198227]","[0.46458563208580017, 0.5878291726112366, 0.22501592338085175]","[0.44956502318382263, 0.7806062698364258, 0.3868633210659027]","[0.476986825466156, 0.08225955814123154, 0.12216644734144211]","[0.4761190414428711, 0.2418370544910431, 0.17614474892616272]","[0.4892953634262085, 0.361456960439682, 0.08984129130840302]","[0.46162036061286926, 0.3801850974559784, -0.13734300434589386]","[0.45510271191596985, 0.6071483492851257, -0.09376260638237]","[0.44933339953422546, 0.8251311779022217, 0.0027467189356684685]","[0.44753965735435486, 0.06210890784859657, -0.3207487463951111]","[0.4400586187839508, 0.2189239114522934, -0.39644676446914673]","[0.4613858461380005, 0.36769554018974304, -0.42585209012031555]"
16:33:42.793112,"[0.4805949926376343, 0.38454845547676086, 0.1399458348751068]","[0.4650753140449524, 0.5879468321800232, 0.23146913945674896]","[0.4494847357273102, 0.7814728617668152, 0.39904993772506714]","[0.47632846236228943, 0.07825373113155365, 0.1188984289765358]","[0.4769846200942993, 0.23767130076885223, 0.1759478896856308]","[0.49232685565948486, 0.3656238913536072, 0.09002461284399033]","[0.4615550935268402, 0.38029947876930237, -0.1399671882390976]","[0.4542362093925476, 0.6071999669075012, -0.07582035660743713]","[0.4491952061653137, 0.8242346048355103, 0.04897802695631981]","[0.4463977813720703, 0.05567203089594841, -0.33248040080070496]","[0.439963161945343, 0.21195277571678162, -0.4149252772331238]","[0.46138402819633484, 0.36759117245674133, -0.4546256363391876]"
16:33:42.859227,"[0.48154085874557495, 0.38373568654060364, 0.13942591845989227]","[0.46574491262435913, 0.5878701210021973, 0.227738156914711]","[0.4497707486152649, 0.7815326452255249, 0.38615769147872925]","[0.47633451223373413, 0.07600021362304688, 0.10530100762844086]","[0.4781495928764343, 0.2324083149433136, 0.16490952670574188]","[0.49231019616127014, 0.36552610993385315, 0.07500270009040833]","[0.46118953824043274, 0.3799736797809601, -0.13944774866104126]","[0.4530523717403412, 0.6073724031448364, -0.07263900339603424]","[0.44919711351394653, 0.8231480717658997, 0.054393868893384933]","[0.4438132643699646, 0.051609911024570465, -0.342932790517807]","[0.4388951361179352, 0.20963451266288757, -0.4117700457572937]","[0.4613855481147766, 0.3676999807357788, -0.43206754326820374]"
16:33:42.918464,"[0.48178717494010925, 0.3835347890853882, 0.1399545520544052]","[0.4654861390590668, 0.5882793068885803, 0.22738252580165863]","[0.4498518407344818, 0.7827454209327698, 0.38774392008781433]","[0.4759655296802521, 0.07763699442148209, 0.10818908363580704]","[0.4797123670578003, 0.23278848826885223, 0.1674632877111435]","[0.49250319600105286, 0.3657226860523224, 0.08067236095666885]","[0.4611813426017761, 0.3797033429145813, -0.13997460901737213]","[0.45198872685432434, 0.6116910576820374, -0.0758880227804184]","[0.44919851422309875, 0.8248434662818909, 0.032909736037254333]","[0.44233426451683044, 0.0518636554479599, -0.3372521996498108]","[0.4381279945373535, 0.20776377618312836, -0.40863579511642456]","[0.46157801151275635, 0.3676854074001312, -0.4310721158981323]"
16:33:42.980922,"[0.48174017667770386, 0.3839152455329895, 0.13970912992954254]","[0.46547383069992065, 0.5878552794456482, 0.22617149353027344]","[0.44982776045799255, 0.7816689014434814, 0.38329729437828064]","[0.4768003821372986, 0.07830549031496048, 0.10040777176618576]","[0.47954171895980835, 0.23375678062438965, 0.16084210574626923]","[0.49278298020362854, 0.36571019887924194, 0.07774145156145096]","[0.46105873584747314, 0.3797667622566223, -0.13972251117229462]","[0.45203742384910583, 0.6100690364837646, -0.07749111950397491]","[0.44923287630081177, 0.8225285410881042, 0.031162988394498825]","[0.4425097405910492, 0.05491079017519951, -0.3331916630268097]","[0.43756431341171265, 0.20875222980976105, -0.4120875597000122]","[0.46120768785476685, 0.36581361293792725, -0.45089781284332275]"
16:33:43.041148,"[0.4818156659603119, 0.3851405680179596, 0.13753308355808258]","[0.46542492508888245, 0.5878820419311523, 0.2084110677242279]","[0.4496970772743225, 0.7816480994224548, 0.34887632727622986]","[0.47767558693885803, 0.08305801451206207, 0.10509492456912994]","[0.4796988070011139, 0.2350015789270401, 0.16532228887081146]","[0.4934309720993042, 0.3656328022480011, 0.08168338239192963]","[0.46106040477752686, 0.3807578682899475, -0.13752517104148865]","[0.4521031379699707, 0.6094388961791992, -0.08419860899448395]","[0.4493120312690735, 0.8208059072494507, 0.012262792326509953]","[0.4421055018901825, 0.05755867063999176, -0.3200077712535858]","[0.4368002116680145, 0.20952655375003815, -0.40175536274909973]","[0.4609644114971161, 0.36448562145233154, -0.44742661714553833]"
16:33:43.110100,"[0.48178979754447937, 0.3851352632045746, 0.13747921586036682]","[0.4655780792236328, 0.5879250764846802, 0.2099081128835678]","[0.44968193769454956, 0.7823075652122498, 0.353171169757843]","[0.47773686051368713, 0.08349861204624176, 0.10375247150659561]","[0.4797951281070709, 0.23535147309303284, 0.16317574679851532]","[0.4933679699897766, 0.3665381669998169, 0.07998352497816086]","[0.4610600769519806, 0.380736768245697, -0.13747449219226837]","[0.4522712826728821, 0.6088474988937378, -0.07998525351285934]","[0.4491601586341858, 0.8207817077636719, 0.03180907294154167]","[0.44231942296028137, 0.056399550288915634, -0.32483670115470886]","[0.43599817156791687, 0.2085539549589157, -0.4074132740497589]","[0.4595538377761841, 0.36354097723960876, -0.4503752589225769]"
16:33:43.168370,"[0.4820672571659088, 0.38433289527893066, 0.13673439621925354]","[0.46649959683418274, 0.5884832143783569, 0.20818811655044556]","[0.45026808977127075, 0.7849316000938416, 0.3563719689846039]","[0.47774091362953186, 0.08305268734693527, 0.10645724833011627]","[0.48029059171676636, 0.2352483570575714, 0.16556039452552795]","[0.4939936399459839, 0.3668869733810425, 0.08072015643119812]","[0.46107709407806396, 0.3797347843647003, -0.1367296427488327]","[0.4523194432258606, 0.6082804799079895, -0.09006337821483612]","[0.4489923417568207, 0.8209250569343567, 0.0035716358106583357]","[0.4415724575519562, 0.05378885567188263, -0.32248201966285706]","[0.4360104501247406, 0.20868314802646637, -0.40328866243362427]","[0.4599877595901489, 0.3636839985847473, -0.4322398602962494]"
16:33:43.226295,"[0.48157593607902527, 0.38434168696403503, 0.13747148215770721]","[0.46686670184135437, 0.5886780023574829, 0.2091251015663147]","[0.450282484292984, 0.7851608395576477, 0.35823971033096313]","[0.47763946652412415, 0.08313235640525818, 0.10560577362775803]","[0.480134516954422, 0.23516590893268585, 0.16418145596981049]","[0.4929991364479065, 0.3680649697780609, 0.08000694960355759]","[0.4609881639480591, 0.37976595759391785, -0.13745738565921783]","[0.4527945816516876, 0.6082594394683838, -0.0899575874209404]","[0.44899243116378784, 0.8199024200439453, 0.00436972314491868]","[0.44176387786865234, 0.05412766709923744, -0.3294631540775299]","[0.43599236011505127, 0.20930084586143494, -0.40828388929367065]","[0.4595108926296234, 0.3651260733604431, -0.44107240438461304]"
16:33:43.283306,"[0.4817987382411957, 0.3862665295600891, 0.1374412178993225]","[0.46828776597976685, 0.5890802145004272, 0.22223791480064392]","[0.45028001070022583, 0.7851221561431885, 0.3867756426334381]","[0.47779151797294617, 0.08501517027616501, 0.10460953414440155]","[0.47807109355926514, 0.2402150183916092, 0.16100187599658966]","[0.4903225600719452, 0.37188050150871277, 0.07878777384757996]","[0.46114030480384827, 0.3822023570537567, -0.13742658495903015]","[0.4548719525337219, 0.608648419380188, -0.08601285517215729]","[0.4490583539009094, 0.8199367523193359, 0.020396828651428223]","[0.4422662854194641, 0.05559481307864189, -0.32941120862960815]","[0.4368040859699249, 0.21741876006126404, -0.41175219416618347]","[0.4598945677280426, 0.37114447355270386, -0.44672566652297974]"
16:33:43.341925,"[0.48226025700569153, 0.3855811655521393, 0.13470938801765442]","[0.4746551513671875, 0.5884064435958862, 0.19003257155418396]","[0.4522549510002136, 0.7850856184959412, 0.3148135244846344]","[0.47817981243133545, 0.09126240760087967, 0.13928833603858948]","[0.4758337438106537, 0.24167455732822418, 0.18073135614395142]","[0.48995888233184814, 0.3697023093700409, 0.09953737258911133]","[0.46266424655914307, 0.3822033405303955, -0.13465645909309387]","[0.46584710478782654, 0.6073839664459229, -0.11692692339420319]","[0.44934114813804626, 0.8198391199111938, -0.05860907584428787]","[0.4450584053993225, 0.06174498051404953, -0.2770029902458191]","[0.440684050321579, 0.21868625283241272, -0.3923921585083008]","[0.46840524673461914, 0.36854127049446106, -0.453445166349411]"
16:33:43.401118,"[0.48272842168807983, 0.38044434785842896, 0.12864850461483002]","[0.4881666600704193, 0.5825639963150024, 0.14639857411384583]","[0.45321324467658997, 0.7850642800331116, 0.22940079867839813]","[0.47914838790893555, 0.09289461374282837, 0.16860467195510864]","[0.47557443380355835, 0.24117349088191986, 0.21410353481769562]","[0.4940929412841797, 0.3550850749015808, 0.13680128753185272]","[0.465743750333786, 0.37839117646217346, -0.1285444051027298]","[0.48316019773483276, 0.599470317363739, -0.11762568354606628]","[0.45107516646385193, 0.8168306946754456, -0.06748376786708832]","[0.4475865066051483, 0.06298328936100006, -0.2371063083410263]","[0.4441915452480316, 0.21817149221897125, -0.35274210572242737]","[0.473730206489563, 0.35376256704330444, -0.4340045154094696]"
16:33:43.461618,"[0.48398086428642273, 0.374790757894516, 0.12912343442440033]","[0.48573067784309387, 0.5809856653213501, 0.13157209753990173]","[0.45566698908805847, 0.7860510349273682, 0.2012699395418167]","[0.48007744550704956, 0.08689822256565094, 0.19390182197093964]","[0.47719430923461914, 0.23779186606407166, 0.2383006364107132]","[0.5016501545906067, 0.34995776414871216, 0.1663360744714737]","[0.4720481038093567, 0.3690139353275299, -0.12902657687664032]","[0.5150913000106812, 0.577894389629364, -0.1559002697467804]","[0.46282193064689636, 0.8011624813079834, -0.09961634129285812]","[0.4528251886367798, 0.06182948872447014, -0.22872492671012878]","[0.44509878754615784, 0.21296854317188263, -0.346842885017395]","[0.47682321071624756, 0.34884992241859436, -0.42283564805984497]"
16:33:43.525907,"[0.4872055649757385, 0.37154167890548706, 0.12741060554981232]","[0.4842608571052551, 0.5810194611549377, 0.13136088848114014]","[0.4633493721485138, 0.784853994846344, 0.20144429802894592]","[0.4883432388305664, 0.08691970258951187, 0.1699940264225006]","[0.479256808757782, 0.23780715465545654, 0.21628688275814056]","[0.5054581165313721, 0.3513989746570587, 0.13880853354930878]","[0.47501498460769653, 0.3648362159729004, -0.1273428499698639]","[0.5280952453613281, 0.5640668272972107, -0.1373601108789444]","[0.4773697853088379, 0.781338632106781, -0.0714445635676384]","[0.4580400586128235, 0.06033918634057045, -0.2340400069952011]","[0.44731929898262024, 0.2110016942024231, -0.33660176396369934]","[0.48289281129837036, 0.3460961580276489, -0.39209067821502686]"
16:33:43.585753,"[0.49440035223960876, 0.37244853377342224, 0.1171116977930069]","[0.5439227223396301, 0.5557393431663513, 0.032348666340112686]","[0.51051265001297, 0.7778759598731995, 0.10496194660663605]","[0.49198517203330994, 0.08585807681083679, 0.16531427204608917]","[0.48261624574661255, 0.23523561656475067, 0.2174312025308609]","[0.507077157497406, 0.3524475395679474, 0.13897043466567993]","[0.47811609506607056, 0.3656180500984192, -0.11697594821453094]","[0.522995114326477, 0.5699335932731628, -0.13546235859394073]","[0.4732464849948883, 0.7873291969299316, -0.07801255583763123]","[0.4630481004714966, 0.059045691043138504, -0.22339776158332825]","[0.4501721262931824, 0.20847013592720032, -0.30959686636924744]","[0.4839771091938019, 0.3432570695877075, -0.34270554780960083]"
16:33:43.646959,"[0.49952971935272217, 0.37503060698509216, 0.11886628717184067]","[0.5165983438491821, 0.5764362812042236, 0.09998439252376556]","[0.47377142310142517, 0.7902060151100159, 0.14943189918994904]","[0.4961009919643402, 0.08359602838754654, 0.1598670482635498]","[0.48542600870132446, 0.2321517914533615, 0.21701394021511078]","[0.5099546313285828, 0.3532923460006714, 0.10589788109064102]","[0.4916282594203949, 0.37160536646842957, -0.11875870823860168]","[0.5570367574691772, 0.5542507171630859, -0.10176392644643784]","[0.5528399348258972, 0.777658998966217, -0.034887444227933884]","[0.4695128798484802, 0.05831023305654526, -0.23361413180828094]","[0.4536970257759094, 0.20706194639205933, -0.3264363408088684]","[0.49093520641326904, 0.34304484724998474, -0.3645246922969818]"
16:33:43.707077,"[0.49971285462379456, 0.3881731927394867, 0.12071388214826584]","[0.4954058825969696, 0.5828667879104614, 0.1882898360490799]","[0.46037206053733826, 0.7957765460014343, 0.2819482386112213]","[0.5003500580787659, 0.08377130329608917, 0.14547699689865112]","[0.4874447286128998, 0.23707538843154907, 0.1972324401140213]","[0.5098663568496704, 0.3598563075065613, 0.10706159472465515]","[0.5039296746253967, 0.38567572832107544, -0.12059660255908966]","[0.5676687359809875, 0.5613304972648621, -0.0800391137599945]","[0.5788804888725281, 0.7834619283676147, 0.02483488991856575]","[0.47801244258880615, 0.059091392904520035, -0.24432967603206635]","[0.4634464383125305, 0.2106606811285019, -0.32732146978378296]","[0.5019270181655884, 0.3449817895889282, -0.34071576595306396]"
16:33:43.766197,"[0.5060818195343018, 0.3868006467819214, 0.12185768038034439]","[0.494539737701416, 0.5838990211486816, 0.21765469014644623]","[0.45749378204345703, 0.7973208427429199, 0.34466642141342163]","[0.5100606679916382, 0.08326634019613266, 0.12764118611812592]","[0.49348753690719604, 0.2370942234992981, 0.17266155779361725]","[0.5167482495307922, 0.3601435124874115, 0.0885084941983223]","[0.5068618059158325, 0.3831750452518463, -0.12177132070064545]","[0.568355143070221, 0.5654062628746033, -0.09060294926166534]","[0.5869244337081909, 0.7893842458724976, -0.04658035561442375]","[0.4864879548549652, 0.059174876660108566, -0.24851198494434357]","[0.46774911880493164, 0.2128225713968277, -0.3300534188747406]","[0.5069643259048462, 0.3454071581363678, -0.337680846452713]"
16:33:43.824767,"[0.5167757868766785, 0.386572927236557, 0.12238726019859314]","[0.4970276951789856, 0.5936398506164551, 0.20978465676307678]","[0.4572211802005768, 0.7989587187767029, 0.33140623569488525]","[0.525727391242981, 0.08533308655023575, 0.1259835809469223]","[0.5100024342536926, 0.2372143268585205, 0.17330293357372284]","[0.532545268535614, 0.3590404689311981, 0.09074543416500092]","[0.5125073790550232, 0.3829419016838074, -0.12230872362852097]","[0.5698736906051636, 0.5706465840339661, -0.120125412940979]","[0.5856364965438843, 0.8094404935836792, -0.10207660496234894]","[0.49916309118270874, 0.05959223210811615, -0.2504960894584656]","[0.4800014793872833, 0.21344876289367676, -0.33420827984809875]","[0.5153533816337585, 0.3466906249523163, -0.35776886343955994]"
16:33:43.882667,"[0.5218886733055115, 0.3868427872657776, 0.12261772155761719]","[0.5032140612602234, 0.5985181331634521, 0.21575511991977692]","[0.4573805630207062, 0.7991682887077332, 0.34271523356437683]","[0.531800389289856, 0.08517281711101532, 0.11908672749996185]","[0.5128697752952576, 0.23982535302639008, 0.16674192249774933]","[0.5390157699584961, 0.36185595393180847, 0.09465546160936356]","[0.5208396911621094, 0.38296860456466675, -0.12254247069358826]","[0.5750532150268555, 0.5765899419784546, -0.10843788087368011]","[0.5832772850990295, 0.8191593289375305, -0.09526360034942627]","[0.5149924755096436, 0.062327489256858826, -0.2663433253765106]","[0.49360424280166626, 0.21723251044750214, -0.3360854983329773]","[0.5278075337409973, 0.3551183044910431, -0.3447534441947937]"
16:33:43.941582,"[0.5226654410362244, 0.3933713138103485, 0.12278933823108673]","[0.5080253481864929, 0.6017723083496094, 0.22198385000228882]","[0.457504004240036, 0.7986792922019958, 0.3450085520744324]","[0.5356146097183228, 0.08417625725269318, 0.12268123775720596]","[0.5182628035545349, 0.24683642387390137, 0.16124992072582245]","[0.536611020565033, 0.37528085708618164, 0.09519142657518387]","[0.5341414213180542, 0.3923676609992981, -0.12268552929162979]","[0.5837803483009338, 0.5876252055168152, -0.08995592594146729]","[0.5843256115913391, 0.8270889520645142, -0.016261069104075432]","[0.5355032682418823, 0.06791476160287857, -0.26594415307044983]","[0.5103413462638855, 0.22403328120708466, -0.33058303594589233]","[0.5413728356361389, 0.3682410717010498, -0.3303021490573883]"
16:33:43.999981,"[0.5258819460868835, 0.39246466755867004, 0.12241370230913162]","[0.5077763795852661, 0.602377712726593, 0.2126445770263672]","[0.45671072602272034, 0.7982224822044373, 0.3264399766921997]","[0.5515191555023193, 0.08344674855470657, 0.1096021756529808]","[0.5264555811882019, 0.24823153018951416, 0.15005813539028168]","[0.5442327857017517, 0.3756258487701416, 0.08977806568145752]","[0.5361568927764893, 0.390826553106308, -0.12237171828746796]","[0.5845940709114075, 0.5906649231910706, -0.07655390352010727]","[0.583717942237854, 0.8273125886917114, 0.021518895402550697]","[0.5465980768203735, 0.06868598610162735, -0.27422285079956055]","[0.5201765298843384, 0.22943376004695892, -0.3329450190067291]","[0.5498867630958557, 0.37193533778190613, -0.3311832845211029]"
16:33:44.059047,"[0.5331569314002991, 0.39197102189064026, 0.1224970892071724]","[0.5073057413101196, 0.6011955142021179, 0.2056419849395752]","[0.4419664144515991, 0.7873040437698364, 0.31420737504959106]","[0.5678954720497131, 0.08418246358633041, 0.11419270187616348]","[0.535495400428772, 0.24830476939678192, 0.1574459820985794]","[0.5484724640846252, 0.3760967552661896, 0.09217091649770737]","[0.5365951657295227, 0.390288382768631, -0.12247362732887268]","[0.5807109475135803, 0.5949375629425049, -0.08056342601776123]","[0.5841400027275085, 0.8285719156265259, -0.026167897507548332]","[0.5586422681808472, 0.0693395808339119, -0.275261789560318]","[0.5263202786445618, 0.2294229418039322, -0.3342256247997284]","[0.5520969033241272, 0.37683677673339844, -0.33257147669792175]"
16:33:44.117436,"[0.5307891368865967, 0.3966381549835205, 0.1225680261850357]","[0.4977896511554718, 0.6009758114814758, 0.24503087997436523]","[0.41467148065567017, 0.7546874284744263, 0.385640949010849]","[0.5739197134971619, 0.08678914606571198, 0.09729988873004913]","[0.5406261086463928, 0.24788454174995422, 0.13895098865032196]","[0.545792818069458, 0.38488778471946716, 0.07085605710744858]","[0.5381873250007629, 0.3963315188884735, -0.12251768261194229]","[0.5882235765457153, 0.5965992212295532, -0.07510513812303543]","[0.5844311118125916, 0.8296095728874207, 0.01779819466173649]","[0.5667802691459656, 0.07587376981973648, -0.2927805185317993]","[0.5300201177597046, 0.23325581848621368, -0.3506956994533539]","[0.556011974811554, 0.39030808210372925, -0.3392038643360138]"
16:33:44.177755,"[0.5275720357894897, 0.40731170773506165, 0.1229332759976387]","[0.4791179299354553, 0.5978492498397827, 0.24414369463920593]","[0.3837926983833313, 0.7257691621780396, 0.37092626094818115]","[0.5793823003768921, 0.09973745048046112, 0.08790656924247742]","[0.5441978573799133, 0.24914239346981049, 0.13125577569007874]","[0.5427356958389282, 0.3932424485683441, 0.054316166788339615]","[0.5369617342948914, 0.40635883808135986, -0.12297465652227402]","[0.5922664403915405, 0.5988973379135132, -0.050667546689510345]","[0.5848116278648376, 0.8281151652336121, 0.10515253990888596]","[0.5659371614456177, 0.07941983640193939, -0.2963849604129791]","[0.5276370048522949, 0.23715068399906158, -0.3586518168449402]","[0.5518534183502197, 0.39096105098724365, -0.34056684374809265]"
16:33:44.236268,"[0.5272830128669739, 0.42285293340682983, 0.12483493238687515]","[0.46402788162231445, 0.5944676995277405, 0.2456127554178238]","[0.36212146282196045, 0.7014791965484619, 0.35915857553482056]","[0.5855121612548828, 0.11595223098993301, 0.09069801867008209]","[0.5475104451179504, 0.25756290555000305, 0.13953828811645508]","[0.5473713278770447, 0.39505356550216675, 0.049675654619932175]","[0.5323289036750793, 0.42058509588241577, -0.12493269145488739]","[0.5979865193367004, 0.5985419154167175, -0.0035963705740869045]","[0.585586667060852, 0.827686071395874, 0.19672012329101562]","[0.5626360177993774, 0.08856745064258575, -0.3133431077003479]","[0.5242924094200134, 0.24506829679012299, -0.3709173798561096]","[0.548596203327179, 0.3972952663898468, -0.3389517664909363]"
16:33:44.294320,"[0.5236402750015259, 0.43619897961616516, 0.12379512190818787]","[0.4509347975254059, 0.5947967171669006, 0.2625923454761505]","[0.34597641229629517, 0.7032714486122131, 0.38706859946250916]","[0.5824402570724487, 0.1351858526468277, 0.068687304854393]","[0.5494095087051392, 0.27192872762680054, 0.12066743522882462]","[0.5466061234474182, 0.402466744184494, 0.03156129643321037]","[0.5299095511436462, 0.43693113327026367, -0.12397308647632599]","[0.6024214029312134, 0.6016533374786377, 0.016217054799199104]","[0.5857648253440857, 0.8272468447685242, 0.23142260313034058]","[0.5586513876914978, 0.10793396085500717, -0.31522902846336365]","[0.5202401876449585, 0.25706496834754944, -0.36724653840065]","[0.5457468032836914, 0.39639729261398315, -0.33325445652008057]"
16:33:44.352712,"[0.5227682590484619, 0.4618126153945923, 0.12551119923591614]","[0.43373069167137146, 0.610133171081543, 0.2653096616268158]","[0.3382810056209564, 0.7193197011947632, 0.37694862484931946]","[0.5764632821083069, 0.1585039645433426, 0.07952111214399338]","[0.5480533242225647, 0.3039161264896393, 0.13055917620658875]","[0.5473520755767822, 0.42439591884613037, 0.036361876875162125]","[0.5211995244026184, 0.46495214104652405, -0.12584374845027924]","[0.6112287640571594, 0.605682909488678, 0.03839452564716339]","[0.5851619839668274, 0.8270277380943298, 0.27551358938217163]","[0.5527451634407043, 0.13785423338413239, -0.3136034309864044]","[0.5168523192405701, 0.2866663634777069, -0.3602043688297272]","[0.5432836413383484, 0.4307859539985657, -0.2867352068424225]"
16:33:44.411385,"[0.5073402523994446, 0.4847244918346405, 0.12888911366462708]","[0.4258505702018738, 0.6448467969894409, 0.25392091274261475]","[0.3271454870700836, 0.7211916446685791, 0.35982853174209595]","[0.5726329684257507, 0.18703427910804749, 0.08627091348171234]","[0.5458298325538635, 0.3382398784160614, 0.13279834389686584]","[0.5463364720344543, 0.44845157861709595, 0.027092548087239265]","[0.5160307288169861, 0.491909384727478, -0.12922650575637817]","[0.6141343712806702, 0.609407365322113, 0.005936978384852409]","[0.5855262279510498, 0.828506350517273, 0.21181707084178925]","[0.5507554411888123, 0.1737736016511917, -0.31387758255004883]","[0.5155845284461975, 0.3322918117046356, -0.3564548194408417]","[0.5419647693634033, 0.4678342938423157, -0.2705749571323395]"
16:33:44.470378,"[0.4993729293346405, 0.5119213461875916, 0.1305830031633377]","[0.4211660921573639, 0.6719737648963928, 0.2583313584327698]","[0.31840434670448303, 0.7277023196220398, 0.36209869384765625]","[0.5631994605064392, 0.21179847419261932, 0.08938252925872803]","[0.5345801115036011, 0.358611136674881, 0.1302371472120285]","[0.5388099551200867, 0.46253544092178345, 0.013664747588336468]","[0.5073164105415344, 0.5162997245788574, -0.13088735938072205]","[0.6158226132392883, 0.6123149991035461, -0.010347306728363037]","[0.5872141718864441, 0.8302404284477234, 0.17387662827968597]","[0.539664089679718, 0.20572787523269653, -0.3119387924671173]","[0.5050134658813477, 0.3575115203857422, -0.34900304675102234]","[0.5354831218719482, 0.49106401205062866, -0.26935797929763794]"
16:33:44.528561,"[0.49447163939476013, 0.5328047871589661, 0.12990444898605347]","[0.42434626817703247, 0.701592206954956, 0.2532779276371002]","[0.31539013981819153, 0.7361259460449219, 0.3384009003639221]","[0.5484433770179749, 0.23144778609275818, 0.09454499930143356]","[0.5213632583618164, 0.37066346406936646, 0.1262482851743698]","[0.5227140784263611, 0.47631049156188965, 4.4368724047672004e-05]","[0.4996262490749359, 0.539028525352478, -0.13019543886184692]","[0.6174228191375732, 0.612978994846344, -0.015083957463502884]","[0.5873091816902161, 0.8306370377540588, 0.17007526755332947]","[0.5264970660209656, 0.23036105930805206, -0.2896447777748108]","[0.4899536371231079, 0.38334912061691284, -0.3090265095233917]","[0.5271352529525757, 0.5031322836875916, -0.21967081725597382]"
16:33:44.587121,"[0.4893731474876404, 0.5538581609725952, 0.12971720099449158]","[0.42492446303367615, 0.72578364610672, 0.24934129416942596]","[0.3164582848548889, 0.7427089810371399, 0.3398911654949188]","[0.5421653985977173, 0.25499221682548523, 0.10451976954936981]","[0.5198702216148376, 0.3920251727104187, 0.12617070972919464]","[0.5182649493217468, 0.49831005930900574, 0.0002709176333155483]","[0.4968719184398651, 0.5567029714584351, -0.13001622259616852]","[0.6172218322753906, 0.6142527461051941, -0.04011642560362816]","[0.5862906575202942, 0.8308809399604797, 0.12550072371959686]","[0.5197088718414307, 0.2507293224334717, -0.27265113592147827]","[0.4821201264858246, 0.39558136463165283, -0.29876476526260376]","[0.518748939037323, 0.5158894062042236, -0.21841856837272644]"
16:33:44.646015,"[0.4864034950733185, 0.5769045948982239, 0.1290714591741562]","[0.4276379942893982, 0.7495447993278503, 0.22012706100940704]","[0.3189190924167633, 0.7453283667564392, 0.3408651351928711]","[0.5365486145019531, 0.2759162187576294, 0.1139330044388771]","[0.5177597999572754, 0.41823476552963257, 0.1238226667046547]","[0.5140475630760193, 0.5199281573295593, -0.01681029051542282]","[0.49305933713912964, 0.5784252285957336, -0.12937554717063904]","[0.6178295016288757, 0.6132221221923828, -0.059257328510284424]","[0.586744487285614, 0.8310590386390686, 0.11436640471220016]","[0.512815535068512, 0.2699083387851715, -0.25439608097076416]","[0.4766426980495453, 0.41020238399505615, -0.27613750100135803]","[0.5102475881576538, 0.5324274897575378, -0.19608527421951294]"
16:33:44.704483,"[0.487152099609375, 0.5905745625495911, 0.12717711925506592]","[0.43133270740509033, 0.769555389881134, 0.17062674462795258]","[0.3227459490299225, 0.747881293296814, 0.30052539706230164]","[0.5334987640380859, 0.2909526526927948, 0.12955114245414734]","[0.5096617937088013, 0.4235866367816925, 0.12195592373609543]","[0.5102431178092957, 0.5299251675605774, -0.03228375315666199]","[0.4903576970100403, 0.5919427275657654, -0.1274365782737732]","[0.6170908808708191, 0.6147066354751587, -0.097372867166996]","[0.5874585509300232, 0.8339257836341858, 0.07239241153001785]","[0.506862998008728, 0.2849586606025696, -0.22529427707195282]","[0.4743351936340332, 0.42834192514419556, -0.24303235113620758]","[0.5080221891403198, 0.5375564694404602, -0.15902695059776306]"
16:33:44.763710,"[0.48839813470840454, 0.6026723384857178, 0.12235084921121597]","[0.43346652388572693, 0.7794374823570251, 0.17355243861675262]","[0.32549217343330383, 0.7494980096817017, 0.3038657605648041]","[0.5289632081985474, 0.3014179468154907, 0.12984752655029297]","[0.5093396902084351, 0.4385465681552887, 0.12428804486989975]","[0.5111737847328186, 0.5500990152359009, -0.014582217670977116]","[0.49068084359169006, 0.602419912815094, -0.12254737317562103]","[0.6183698773384094, 0.6170236468315125, -0.09449759870767593]","[0.5870495438575745, 0.8345493078231812, 0.0725942924618721]","[0.5001145601272583, 0.2936040759086609, -0.20488376915454865]","[0.4712670147418976, 0.4407607316970825, -0.23276712000370026]","[0.5067234635353088, 0.5524669885635376, -0.17503876984119415]"
16:33:44.822417,"[0.49041691422462463, 0.6055830717086792, 0.12261798977851868]","[0.43471625447273254, 0.77595055103302, 0.18156708776950836]","[0.32440897822380066, 0.749535858631134, 0.3143024742603302]","[0.5293716192245483, 0.3076460361480713, 0.11566564440727234]","[0.5075910091400146, 0.44402289390563965, 0.11209753900766373]","[0.5113474130630493, 0.5513418316841125, -0.021263083443045616]","[0.4919944107532501, 0.6088659167289734, -0.12282045930624008]","[0.6222802996635437, 0.6202648878097534, -0.08229377865791321]","[0.5867650508880615, 0.8346113562583923, 0.08035518229007721]","[0.49788039922714233, 0.3024931252002716, -0.22839945554733276]","[0.4696000814437866, 0.4501531720161438, -0.2512311339378357]","[0.5068821310997009, 0.5630903840065002, -0.18327243626117706]"
16:33:44.881545,"[0.49083036184310913, 0.6107931733131409, 0.12261830270290375]","[0.4355935752391815, 0.7823851704597473, 0.19525180757045746]","[0.3259817957878113, 0.7509756088256836, 0.3159807026386261]","[0.5317262411117554, 0.31220224499702454, 0.1170932799577713]","[0.5130618810653687, 0.45056453347206116, 0.11342129111289978]","[0.5139273405075073, 0.5522930026054382, -0.027400221675634384]","[0.49328452348709106, 0.6145999431610107, -0.12281673401594162]","[0.623492419719696, 0.6258305311203003, -0.08478689193725586]","[0.5866653323173523, 0.835906445980072, 0.0782192125916481]","[0.4945448040962219, 0.3036659061908722, -0.2220662534236908]","[0.4672371745109558, 0.456065833568573, -0.25275278091430664]","[0.5064942240715027, 0.573293924331665, -0.1923525184392929]"
16:33:44.940562,"[0.4913709759712219, 0.6150459051132202, 0.12238726019859314]","[0.4377514123916626, 0.7855529189109802, 0.19426138699054718]","[0.3276178240776062, 0.7517358660697937, 0.2948739230632782]","[0.5324516296386719, 0.315744549036026, 0.12524062395095825]","[0.5144093632698059, 0.45391491055488586, 0.1157013401389122]","[0.5144444108009338, 0.562944233417511, -0.018052153289318085]","[0.49390122294425964, 0.6166490316390991, -0.12260805070400238]","[0.624786913394928, 0.6266148686408997, -0.08918452262878418]","[0.5862452387809753, 0.8357671499252319, 0.06287050247192383]","[0.49671587347984314, 0.30902987718582153, -0.2060704082250595]","[0.4694978594779968, 0.46609848737716675, -0.2277214080095291]","[0.5077610611915588, 0.58002108335495, -0.1622171700000763]"
16:33:44.998027,"[0.4950374662876129, 0.6173038482666016, 0.12227824330329895]","[0.43800678849220276, 0.7900565266609192, 0.1971924751996994]","[0.3286256194114685, 0.7517160177230835, 0.2828598618507385]","[0.5334369540214539, 0.31991589069366455, 0.12627427279949188]","[0.51786869764328, 0.45821887254714966, 0.11707843840122223]","[0.5197685956954956, 0.5670786499977112, -0.01414527464658022]","[0.4944072663784027, 0.6194204092025757, -0.12251058220863342]","[0.6267540454864502, 0.6277535557746887, -0.08988604694604874]","[0.5860080122947693, 0.8356471061706543, 0.0524570532143116]","[0.49679476022720337, 0.3171636462211609, -0.20648033916950226]","[0.4704878628253937, 0.47344091534614563, -0.2301626056432724]","[0.508262574672699, 0.5844172239303589, -0.1663983315229416]"
16:33:45.055672,"[0.4969382882118225, 0.6237021088600159, 0.12034402787685394]","[0.43845561146736145, 0.7948580384254456, 0.19378739595413208]","[0.32928603887557983, 0.7518405914306641, 0.27057287096977234]","[0.5340187549591064, 0.32687222957611084, 0.12929627299308777]","[0.5148895978927612, 0.4670977294445038, 0.11828099936246872]","[0.5204706788063049, 0.5699260234832764, -0.016039445996284485]","[0.49434760212898254, 0.6251833438873291, -0.12059336155653]","[0.627106785774231, 0.6273831129074097, -0.08740273863077164]","[0.5860143899917603, 0.8355110287666321, 0.0489988699555397]","[0.4988207221031189, 0.3235381543636322, -0.19586482644081116]","[0.47102752327919006, 0.4805505871772766, -0.21409983932971954]","[0.5087401866912842, 0.5877110958099365, -0.1406220942735672]"
16:33:45.114186,"[0.49758702516555786, 0.6266493797302246, 0.1190563514828682]","[0.43850183486938477, 0.7977268099784851, 0.19632448256015778]","[0.32903391122817993, 0.7526885867118835, 0.2743622958660126]","[0.5331088304519653, 0.32913246750831604, 0.12771567702293396]","[0.5117660164833069, 0.4723040759563446, 0.11618660390377045]","[0.5189507007598877, 0.5801643133163452, -0.02206427790224552]","[0.4945695102214813, 0.6287463307380676, -0.11933626234531403]","[0.6278336048126221, 0.6280418634414673, -0.0850885659456253]","[0.5859270095825195, 0.835444450378418, 0.05998235195875168]","[0.500285804271698, 0.32916533946990967, -0.20077404379844666]","[0.471305251121521, 0.48634615540504456, -0.21879838407039642]","[0.5093433856964111, 0.5920464396476746, -0.13956046104431152]"
16:33:45.172292,"[0.4983208477497101, 0.6300474405288696, 0.11868322640657425]","[0.4386240243911743, 0.7990576028823853, 0.196934312582016]","[0.329380065202713, 0.7528332471847534, 0.27111613750457764]","[0.533495306968689, 0.33350786566734314, 0.1280485838651657]","[0.5144906640052795, 0.48141032457351685, 0.11624974757432938]","[0.5191317796707153, 0.5849051475524902, -0.019668711349368095]","[0.4947969615459442, 0.6328632831573486, -0.11893729865550995]","[0.6286854147911072, 0.6288948059082031, -0.08279214799404144]","[0.5858387351036072, 0.8353129625320435, 0.05786728113889694]","[0.5005713105201721, 0.3348980247974396, -0.2021525353193283]","[0.47196877002716064, 0.4932733178138733, -0.22295549511909485]","[0.5123894810676575, 0.5970363616943359, -0.14197629690170288]"
16:33:45.230350,"[0.5010537505149841, 0.6319812536239624, 0.11825893074274063]","[0.43897679448127747, 0.8018909096717834, 0.19754056632518768]","[0.3295944631099701, 0.7536293864250183, 0.2652775049209595]","[0.5336682796478271, 0.33858776092529297, 0.13286539912223816]","[0.5182608962059021, 0.4868510067462921, 0.1259409785270691]","[0.5260229110717773, 0.5945129990577698, -0.006501227617263794]","[0.4954836964607239, 0.6341559886932373, -0.11852290481328964]","[0.628911554813385, 0.6288478970527649, -0.08240927755832672]","[0.5856804251670837, 0.835247278213501, 0.04950102046132088]","[0.5013782978057861, 0.33749598264694214, -0.19766263663768768]","[0.47210362553596497, 0.49622583389282227, -0.22406789660453796]","[0.5160314440727234, 0.6038211584091187, -0.1542780101299286]"
16:33:45.288819,"[0.5010374784469604, 0.6384748220443726, 0.11614014208316803]","[0.4391764998435974, 0.804940938949585, 0.19175924360752106]","[0.3296320140361786, 0.7541731595993042, 0.25687000155448914]","[0.5336825251579285, 0.3420788645744324, 0.13520699739456177]","[0.5124753713607788, 0.48506587743759155, 0.1258007287979126]","[0.5256021022796631, 0.5983760356903076, -0.004888950847089291]","[0.49875888228416443, 0.6388000249862671, -0.11640023440122604]","[0.6301943063735962, 0.6291105151176453, -0.08154625445604324]","[0.585436224937439, 0.8353368639945984, 0.04845811799168587]","[0.5032963156700134, 0.3405858874320984, -0.18683931231498718]","[0.4724961519241333, 0.496200293302536, -0.21446113288402557]","[0.5161903500556946, 0.603572428226471, -0.14222058653831482]"
16:33:45.347378,"[0.5012204647064209, 0.6424468159675598, 0.11448992788791656]","[0.43922823667526245, 0.808474600315094, 0.19093123078346252]","[0.3304165005683899, 0.7553150653839111, 0.2617616057395935]","[0.5336498022079468, 0.3437495827674866, 0.13800762593746185]","[0.5164422392845154, 0.49289900064468384, 0.12764067947864532]","[0.5249003767967224, 0.595276951789856, -0.001487215282395482]","[0.4992391765117645, 0.643851637840271, -0.11473102122545242]","[0.6304847002029419, 0.6305652260780334, -0.08100418746471405]","[0.5852369070053101, 0.8352732062339783, 0.05191674083471298]","[0.504121720790863, 0.344781756401062, -0.18303196132183075]","[0.4729556441307068, 0.49998801946640015, -0.2094249576330185]","[0.5171517729759216, 0.6020336747169495, -0.1381988227367401]"
16:33:45.405563,"[0.5012327432632446, 0.6442632079124451, 0.11464068293571472]","[0.43927961587905884, 0.8089774250984192, 0.21174125373363495]","[0.33135703206062317, 0.7563093900680542, 0.2812020182609558]","[0.5338414907455444, 0.3466991186141968, 0.1358301341533661]","[0.5208833813667297, 0.4987199008464813, 0.1275850236415863]","[0.5258446931838989, 0.5986118316650391, -0.004002272617071867]","[0.49925166368484497, 0.6468356847763062, -0.11488461494445801]","[0.6310151219367981, 0.630845844745636, -0.08085043728351593]","[0.5851717591285706, 0.8354609608650208, 0.05395163223147392]","[0.504001259803772, 0.3466538190841675, -0.1902676522731781]","[0.47341883182525635, 0.50423264503479, -0.21714140474796295]","[0.5184727907180786, 0.6071023344993591, -0.14306895434856415]"
16:33:45.466057,"[0.5014632344245911, 0.6432813405990601, 0.11507275700569153]","[0.4394439458847046, 0.8067232370376587, 0.2107856720685959]","[0.3315100073814392, 0.7562831044197083, 0.26939356327056885]","[0.5338364243507385, 0.34689563512802124, 0.13470609486103058]","[0.5145987272262573, 0.49187442660331726, 0.1308184117078781]","[0.5265903472900391, 0.6036366820335388, 0.005085399840027094]","[0.49990689754486084, 0.6470365524291992, -0.1153048723936081]","[0.6315616965293884, 0.6311572790145874, -0.08226429671049118]","[0.5856125950813293, 0.8353317975997925, 0.04842742532491684]","[0.5040320158004761, 0.34839367866516113, -0.1900702863931656]","[0.47480857372283936, 0.5030548572540283, -0.2092672884464264]","[0.5193034410476685, 0.6042329668998718, -0.14080171287059784]"
16:33:45.524895,"[0.5003690123558044, 0.645182728767395, 0.11536060273647308]","[0.4395444095134735, 0.8054625391960144, 0.20960085093975067]","[0.33196204900741577, 0.7552722692489624, 0.2714066803455353]","[0.5331153273582458, 0.3464528024196625, 0.14050742983818054]","[0.5167883634567261, 0.4969782531261444, 0.1428786814212799]","[0.5263651609420776, 0.6095269322395325, 0.026026427745819092]","[0.5014205574989319, 0.6455610394477844, -0.11561345309019089]","[0.6315823793411255, 0.6317534446716309, -0.08232662081718445]","[0.5855680704116821, 0.8356475830078125, 0.05012821778655052]","[0.5051344037055969, 0.3447994887828827, -0.18611955642700195]","[0.4767802357673645, 0.5000331997871399, -0.21355168521404266]","[0.5205625891685486, 0.6061639189720154, -0.15278583765029907]"
16:33:45.583630,"[0.5004231333732605, 0.6434800028800964, 0.11559811234474182]","[0.4395581781864166, 0.8038647770881653, 0.2085828185081482]","[0.33164182305336, 0.7553541660308838, 0.2605666518211365]","[0.5332923531532288, 0.3450249135494232, 0.1388716697692871]","[0.5203113555908203, 0.4954622685909271, 0.14091059565544128]","[0.5289857387542725, 0.6073300838470459, 0.01866665668785572]","[0.5018064379692078, 0.644408643245697, -0.11585443466901779]","[0.6315822005271912, 0.6332212686538696, -0.08126162737607956]","[0.5852285623550415, 0.8369550108909607, 0.04697089642286301]","[0.5051778554916382, 0.3429358899593353, -0.1868557333946228]","[0.4786451756954193, 0.4976033568382263, -0.2192154973745346]","[0.5216869115829468, 0.606566846370697, -0.16060759127140045]"
16:33:45.642384,"[0.5009689331054688, 0.6445941925048828, 0.1147519052028656]","[0.43947160243988037, 0.8046788573265076, 0.18559879064559937]","[0.3314993977546692, 0.7553711533546448, 0.24540257453918457]","[0.5333361029624939, 0.3451630175113678, 0.1440548449754715]","[0.5231613516807556, 0.49671584367752075, 0.14056192338466644]","[0.5331634879112244, 0.6038987636566162, 0.01610589027404785]","[0.5030552744865417, 0.6450483202934265, -0.11497581750154495]","[0.6324462890625, 0.6333503723144531, -0.0817679688334465]","[0.5850124955177307, 0.8374439477920532, 0.038136567920446396]","[0.5061606168746948, 0.34245654940605164, -0.1857675164937973]","[0.4802446961402893, 0.4984838366508484, -0.21648141741752625]","[0.5241348743438721, 0.6056820750236511, -0.14744219183921814]"
16:33:45.700523,"[0.5015212893486023, 0.6454492807388306, 0.11247338354587555]","[0.4394873380661011, 0.8057975769042969, 0.17276954650878906]","[0.33167651295661926, 0.7558600902557373, 0.2336505949497223]","[0.5338768362998962, 0.34555256366729736, 0.14254871010780334]","[0.5256330370903015, 0.49816736578941345, 0.13937513530254364]","[0.5343986749649048, 0.6015170216560364, 0.014836755581200123]","[0.5045064687728882, 0.6460773348808289, -0.11264834553003311]","[0.6336221694946289, 0.6332647204399109, -0.08443465083837509]","[0.5850158929824829, 0.8378287553787231, 0.0306371059268713]","[0.5067976713180542, 0.34333154559135437, -0.18169711530208588]","[0.4814044237136841, 0.4991091191768646, -0.2086629569530487]","[0.5255122780799866, 0.6047734618186951, -0.13641905784606934]"
16:33:45.758959,"[0.5027869343757629, 0.6454441547393799, 0.11269126832485199]","[0.43953922390937805, 0.8058139085769653, 0.18020662665367126]","[0.3316856026649475, 0.7552099227905273, 0.24510647356510162]","[0.5344739556312561, 0.3457337021827698, 0.1425003558397293]","[0.527671217918396, 0.5002099871635437, 0.13847526907920837]","[0.5373479723930359, 0.599741518497467, 0.015359287150204182]","[0.5054652690887451, 0.6471294164657593, -0.11285889893770218]","[0.6340807676315308, 0.6332322359085083, -0.08209738880395889]","[0.5854112505912781, 0.8372721076011658, 0.03110189363360405]","[0.5084189772605896, 0.3452712595462799, -0.18291348218917847]","[0.48311981558799744, 0.5026425719261169, -0.21097435057163239]","[0.5277681946754456, 0.6056388020515442, -0.13917790353298187]"
16:33:45.816940,"[0.5052062273025513, 0.6452707052230835, 0.11295688152313232]","[0.4395308196544647, 0.8054529428482056, 0.1963796317577362]","[0.3317139446735382, 0.754550576210022, 0.24915345013141632]","[0.5353033542633057, 0.3475804626941681, 0.1419006884098053]","[0.5290656685829163, 0.5014021992683411, 0.13851740956306458]","[0.5385277271270752, 0.5985307097434998, 0.015698803588747978]","[0.5060135722160339, 0.6481045484542847, -0.1131337434053421]","[0.6346169114112854, 0.6334063410758972, -0.07215151935815811]","[0.5856446027755737, 0.8372383713722229, 0.048827968537807465]","[0.5097649693489075, 0.3462488651275635, -0.183129221200943]","[0.48423489928245544, 0.5024515390396118, -0.21180285513401031]","[0.5277481079101562, 0.60611891746521, -0.14157724380493164]"
16:33:45.875757,"[0.5058133602142334, 0.6477246284484863, 0.11240000277757645]","[0.4395127594470978, 0.8058248162269592, 0.2059074342250824]","[0.33208024501800537, 0.7540385723114014, 0.2593454122543335]","[0.5370941758155823, 0.35149314999580383, 0.1400744915008545]","[0.531112551689148, 0.5050513744354248, 0.13612596690654755]","[0.5398426055908203, 0.6009789705276489, 0.014491409994661808]","[0.5058116912841797, 0.6521309614181519, -0.11257129162549973]","[0.6345255374908447, 0.6338168382644653, -0.06605464965105057]","[0.5856643915176392, 0.8372197151184082, 0.0587138868868351]","[0.5098438858985901, 0.3476658761501312, -0.18490172922611237]","[0.4847749173641205, 0.5042743682861328, -0.21399538218975067]","[0.5293651223182678, 0.6064410209655762, -0.14284341037273407]"
16:33:45.933744,"[0.504888117313385, 0.6487541198730469, 0.10972736775875092]","[0.4396524429321289, 0.8060082793235779, 0.17434845864772797]","[0.33164480328559875, 0.7545528411865234, 0.2283610701560974]","[0.536875307559967, 0.3504771292209625, 0.13986417651176453]","[0.5301896929740906, 0.5051381587982178, 0.13262763619422913]","[0.5387197136878967, 0.6008772253990173, 0.009777756407856941]","[0.5058671236038208, 0.651512861251831, -0.10991450399160385]","[0.6344572901725769, 0.6337724328041077, -0.07882843166589737]","[0.5855968594551086, 0.8372340798377991, 0.03441358357667923]","[0.5110424757003784, 0.34737035632133484, -0.17493996024131775]","[0.4854642450809479, 0.5037128925323486, -0.19637127220630646]","[0.5309786200523376, 0.6081525087356567, -0.12276668101549149]"
16:33:45.993323,"[0.5048074126243591, 0.648028552532196, 0.11002197861671448]","[0.43957003951072693, 0.8059151768684387, 0.17365093529224396]","[0.33161354064941406, 0.7552295327186584, 0.22711756825447083]","[0.5371182560920715, 0.34976351261138916, 0.14105664193630219]","[0.5299407839775085, 0.5036964416503906, 0.13565362989902496]","[0.5383641123771667, 0.6000085473060608, 0.011546685360372066]","[0.5058050751686096, 0.6508359313011169, -0.11021910607814789]","[0.6347747445106506, 0.6337569952011108, -0.08737429976463318]","[0.5856045484542847, 0.8372247219085693, 0.02573293447494507]","[0.5109372138977051, 0.3470146358013153, -0.17723117768764496]","[0.48540598154067993, 0.5029337406158447, -0.2015252709388733]","[0.531029462814331, 0.6081644892692566, -0.1310807168483734]"
16:33:46.051892,"[0.5048280358314514, 0.6433550119400024, 0.11030975729227066]","[0.439577579498291, 0.8030392527580261, 0.17554855346679688]","[0.331450879573822, 0.7562000751495361, 0.23605699837207794]","[0.5383386611938477, 0.34256401658058167, 0.14083655178546906]","[0.5295543074607849, 0.49642717838287354, 0.13645082712173462]","[0.5380464792251587, 0.5975717902183533, 0.015166460536420345]","[0.5052171945571899, 0.645312488079071, -0.11050904542207718]","[0.6347531676292419, 0.6337414979934692, -0.08715984970331192]","[0.5856629014015198, 0.8374110460281372, 0.030848732218146324]","[0.5103503465652466, 0.3388667404651642, -0.1813756376504898]","[0.48561733961105347, 0.4941111207008362, -0.21093294024467468]","[0.5307275056838989, 0.6079098582267761, -0.14756463468074799]"
16:33:46.111157,"[0.507242739200592, 0.6288824677467346, 0.1108916625380516]","[0.4396889805793762, 0.7907721996307373, 0.1779237538576126]","[0.33002856373786926, 0.7561862468719482, 0.24470068514347076]","[0.542702317237854, 0.3336833715438843, 0.12131872028112411]","[0.5294324159622192, 0.48303544521331787, 0.1238723173737526]","[0.5361635088920593, 0.5833117961883545, 0.0005117112305015326]","[0.5051557421684265, 0.6319447755813599, -0.1110902950167656]","[0.6346652507781982, 0.6332303881645203, -0.08082965016365051]","[0.5859017968177795, 0.8374537229537964, 0.05326024815440178]","[0.509565532207489, 0.3291350305080414, -0.22066518664360046]","[0.486417680978775, 0.4846397638320923, -0.24447083473205566]","[0.5305279493331909, 0.6025362610816956, -0.1639029085636139]"
16:33:46.169473,"[0.5080462098121643, 0.6119896173477173, 0.11514890193939209]","[0.4381357729434967, 0.7785413265228271, 0.2015732377767563]","[0.3285910487174988, 0.7561925053596497, 0.25738945603370667]","[0.5427236557006836, 0.3167089819908142, 0.12003137171268463]","[0.5194283127784729, 0.45770055055618286, 0.12285197526216507]","[0.5332726836204529, 0.5680673122406006, 0.0019787384662777185]","[0.5049554109573364, 0.614176332950592, -0.11541123688220978]","[0.6342471241950989, 0.6317928433418274, -0.05793384462594986]","[0.5859283208847046, 0.8374688625335693, 0.08131653815507889]","[0.5115668773651123, 0.31010550260543823, -0.23432573676109314]","[0.48675772547721863, 0.4588974416255951, -0.2536172866821289]","[0.53021240234375, 0.5797231197357178, -0.16002795100212097]"
16:33:46.228503,"[0.5095784664154053, 0.58733069896698, 0.11581514030694962]","[0.43818801641464233, 0.7562803030014038, 0.19981679320335388]","[0.32758578658103943, 0.7549367547035217, 0.25130900740623474]","[0.5447708964347839, 0.2957915961742401, 0.09867469221353531]","[0.5197744965553284, 0.4381968379020691, 0.10130233317613602]","[0.5348005890846252, 0.5340304970741272, -0.020728016272187233]","[0.5057138204574585, 0.589887797832489, -0.11610662192106247]","[0.6341907382011414, 0.6303185820579529, -0.029815342277288437]","[0.5861982107162476, 0.8360406756401062, 0.12138291448354721]","[0.5159546136856079, 0.2891372740268707, -0.2506557106971741]","[0.48906803131103516, 0.4413960576057434, -0.25652387738227844]","[0.5304383635520935, 0.5523620843887329, -0.14789308607578278]"
16:33:46.287554,"[0.5092557668685913, 0.5623489618301392, 0.11724510043859482]","[0.43634796142578125, 0.7319402098655701, 0.19842036068439484]","[0.3246217668056488, 0.7525233626365662, 0.24878016114234924]","[0.5462940335273743, 0.2685771584510803, 0.10292947292327881]","[0.5202955603599548, 0.41291728615760803, 0.10529439151287079]","[0.5362514853477478, 0.5158951282501221, -0.012742877006530762]","[0.5065101385116577, 0.5650987029075623, -0.11750946193933487]","[0.6341668963432312, 0.6288864016532898, -0.015533342026174068]","[0.5861642956733704, 0.8331944346427917, 0.1481708139181137]","[0.5252408981323242, 0.2631665766239166, -0.2613283693790436]","[0.49178946018218994, 0.4205416440963745, -0.28086525201797485]","[0.5316693186759949, 0.5323144793510437, -0.16768279671669006]"
16:33:46.345685,"[0.5074913501739502, 0.5356592535972595, 0.12057604640722275]","[0.4364464581012726, 0.7055584788322449, 0.2299363613128662]","[0.3245612382888794, 0.7525582313537598, 0.3170052468776703]","[0.5475744009017944, 0.23960503935813904, 0.0893988385796547]","[0.5257388353347778, 0.3875018358230591, 0.09826067835092545]","[0.5383256673812866, 0.49479997158050537, -0.014742235653102398]","[0.5151092410087585, 0.5402193069458008, -0.1208261102437973]","[0.634120762348175, 0.6246444582939148, -0.015978636220097542]","[0.5869451761245728, 0.8328738212585449, 0.1719302386045456]","[0.5339893698692322, 0.23333615064620972, -0.28929948806762695]","[0.49778223037719727, 0.388690322637558, -0.31868165731430054]","[0.5361177325248718, 0.5131974220275879, -0.22064143419265747]"
16:33:46.404600,"[0.5074583888053894, 0.503643810749054, 0.12156283110380173]","[0.43917420506477356, 0.6726002097129822, 0.24559682607650757]","[0.32899409532546997, 0.747647762298584, 0.3558812141418457]","[0.5582530498504639, 0.2088981717824936, 0.0764683410525322]","[0.535530149936676, 0.36176690459251404, 0.10052330046892166]","[0.5451772809028625, 0.4759441316127777, -0.0018810211913660169]","[0.5238403677940369, 0.5085619688034058, -0.12178805470466614]","[0.6328166127204895, 0.6231757402420044, -0.030917806550860405]","[0.5872405767440796, 0.8329046964645386, 0.1505126655101776]","[0.5430281758308411, 0.19597862660884857, -0.3185611963272095]","[0.5087464451789856, 0.35258135199546814, -0.3641105890274048]","[0.5483775734901428, 0.4862743318080902, -0.2946414649486542]"
16:33:46.463283,"[0.512209415435791, 0.4780201017856598, 0.12536264955997467]","[0.44845911860466003, 0.6449253559112549, 0.26294881105422974]","[0.34619763493537903, 0.733066201210022, 0.39365702867507935]","[0.5642609000205994, 0.1729249358177185, 0.08945997804403305]","[0.543093740940094, 0.329436719417572, 0.12981009483337402]","[0.5537559986114502, 0.4550054669380188, 0.04678080976009369]","[0.5353958606719971, 0.4848942458629608, -0.12556438148021698]","[0.6321255564689636, 0.6233991980552673, -0.03273122012615204]","[0.5869249105453491, 0.8315017223358154, 0.1653783768415451]","[0.5559963583946228, 0.16323140263557434, -0.32534071803092957]","[0.5240711569786072, 0.3182050883769989, -0.37622538208961487]","[0.5574182868003845, 0.4547019600868225, -0.316642165184021]"
16:33:46.522759,"[0.5221743583679199, 0.45009854435920715, 0.12560614943504333]","[0.4705224931240082, 0.6340331435203552, 0.24938753247261047]","[0.36918312311172485, 0.7211504578590393, 0.37312790751457214]","[0.5736134052276611, 0.1440725177526474, 0.10008545219898224]","[0.5530363917350769, 0.29822054505348206, 0.15256895124912262]","[0.5627830624580383, 0.42074212431907654, 0.07986297458410263]","[0.5429983735084534, 0.4536874294281006, -0.12577034533023834]","[0.6272813081741333, 0.6212359070777893, -0.033557817339897156]","[0.5866289138793945, 0.8315804600715637, 0.14114247262477875]","[0.564997673034668, 0.13128601014614105, -0.2937415838241577]","[0.5381390452384949, 0.286462664604187, -0.3495582044124603]","[0.5657901763916016, 0.4189445972442627, -0.3230738639831543]"
16:33:46.581014,"[0.5320260524749756, 0.4290047883987427, 0.12761278450489044]","[0.5034922957420349, 0.6208137273788452, 0.24698881804943085]","[0.39598003029823303, 0.7071026563644409, 0.34802696108818054]","[0.5763676762580872, 0.11492344737052917, 0.12632717192173004]","[0.5551207065582275, 0.27120399475097656, 0.1812410205602646]","[0.5654963254928589, 0.39659273624420166, 0.1215420663356781]","[0.5490654110908508, 0.42953190207481384, -0.1277635544538498]","[0.6223595142364502, 0.6159907579421997, -0.06755527853965759]","[0.5870833992958069, 0.8313964605331421, 0.0831800326704979]","[0.5743473768234253, 0.10348086059093475, -0.2826473116874695]","[0.5497065186500549, 0.256585031747818, -0.33431100845336914]","[0.5755306482315063, 0.3907643258571625, -0.3247886896133423]"
16:33:46.640399,"[0.5462666749954224, 0.4192047417163849, 0.12996527552604675]","[0.5326802730560303, 0.6101511120796204, 0.21016333997249603]","[0.428381085395813, 0.7067652940750122, 0.3384058177471161]","[0.5827661156654358, 0.09612829983234406, 0.142746239900589]","[0.5673416256904602, 0.25339189171791077, 0.19622740149497986]","[0.5752880573272705, 0.3721715211868286, 0.1451091170310974]","[0.5554858446121216, 0.4144654870033264, -0.13008089363574982]","[0.6150919795036316, 0.6111483573913574, -0.10475193709135056]","[0.5870386362075806, 0.8316593766212463, 0.0014627357013523579]","[0.5780317187309265, 0.07918207347393036, -0.2712197005748749]","[0.5579327344894409, 0.22803573310375214, -0.34396618604660034]","[0.5828260183334351, 0.36060386896133423, -0.3700144588947296]"
16:33:46.698452,"[0.5630756616592407, 0.39593586325645447, 0.1298190802335739]","[0.5749140381813049, 0.5950368046760559, 0.15141300857067108]","[0.46274513006210327, 0.713216245174408, 0.23261509835720062]","[0.5853287577629089, 0.08494733273983002, 0.15191474556922913]","[0.5619570016860962, 0.2391034960746765, 0.19843938946723938]","[0.5720848441123962, 0.3619341552257538, 0.1476496309041977]","[0.557056188583374, 0.3928297162055969, -0.1298331916332245]","[0.59425950050354, 0.6039906740188599, -0.09063036739826202]","[0.5848681926727295, 0.8311372399330139, -0.010018709115684032]","[0.5795556306838989, 0.06891252845525742, -0.25910431146621704]","[0.5670272707939148, 0.2176971435546875, -0.3308180868625641]","[0.5892330408096313, 0.35855019092559814, -0.34001678228378296]"
16:33:46.757944,"[0.5696749091148376, 0.38108959794044495, 0.1260245144367218]","[0.5653618574142456, 0.5853147506713867, 0.17278222739696503]","[0.4920564591884613, 0.7442024350166321, 0.29046642780303955]","[0.5933117270469666, 0.07677193731069565, 0.1432168185710907]","[0.5777003169059753, 0.24117711186408997, 0.1890644133090973]","[0.5911114811897278, 0.35755595564842224, 0.13882946968078613]","[0.563216507434845, 0.37706196308135986, -0.1259530484676361]","[0.5931642055511475, 0.5991032123565674, -0.09539616852998734]","[0.5852891206741333, 0.8292593359947205, -0.0254732184112072]","[0.5752217173576355, 0.05465126782655716, -0.25908565521240234]","[0.5650288462638855, 0.21622735261917114, -0.32571929693222046]","[0.5897325277328491, 0.35124966502189636, -0.3332045376300812]"
16:33:46.816636,"[0.5754526257514954, 0.37965595722198486, 0.12583880126476288]","[0.5721644163131714, 0.577920138835907, 0.22760722041130066]","[0.5287300944328308, 0.7675471305847168, 0.3800426125526428]","[0.5955539345741272, 0.06771065294742584, 0.13744710385799408]","[0.5876374840736389, 0.23494070768356323, 0.17865867912769318]","[0.6044180989265442, 0.34432950615882874, 0.115379698574543]","[0.567601203918457, 0.3772755265235901, -0.12572841346263885]","[0.5909587144851685, 0.5937303900718689, -0.10841186344623566]","[0.5848318934440613, 0.8302894234657288, -0.06793499737977982]","[0.5753377676010132, 0.05136006325483322, -0.26286131143569946]","[0.5664182901382446, 0.21820153295993805, -0.3463120460510254]","[0.5962128043174744, 0.35454061627388, -0.386417955160141]"
16:33:46.875288,"[0.5823652148246765, 0.36938366293907166, 0.12232623994350433]","[0.5811940431594849, 0.5741097927093506, 0.150681734085083]","[0.55878746509552, 0.7906327247619629, 0.2319803684949875]","[0.5910177230834961, 0.07182859629392624, 0.13506238162517548]","[0.5898931622505188, 0.22155900299549103, 0.17724387347698212]","[0.6021585464477539, 0.3376798629760742, 0.11301092803478241]","[0.5700918436050415, 0.36854249238967896, -0.12225154787302017]","[0.5883150100708008, 0.5903136134147644, -0.12476859241724014]","[0.5810219645500183, 0.8300028443336487, -0.10632404685020447]","[0.574865460395813, 0.061526525765657425, -0.2566389739513397]","[0.5765682458877563, 0.22212658822536469, -0.3234918713569641]","[0.6021907925605774, 0.3501831889152527, -0.34556740522384644]"
16:33:46.933856,"[0.5908815860748291, 0.3636667728424072, 0.12755782902240753]","[0.5918222069740295, 0.5740089416503906, 0.1638818234205246]","[0.5772198438644409, 0.7899273037910461, 0.267219603061676]","[0.5945003032684326, 0.07058387249708176, 0.1336434781551361]","[0.5927140116691589, 0.22456347942352295, 0.1845598816871643]","[0.616140604019165, 0.3419170081615448, 0.1124713122844696]","[0.5730078220367432, 0.3632524609565735, -0.1275477409362793]","[0.5878466963768005, 0.5909978747367859, -0.11210529506206512]","[0.58022141456604, 0.8262794017791748, -0.04701092466711998]","[0.5731542110443115, 0.05088052526116371, -0.29018157720565796]","[0.5800899863243103, 0.21126402914524078, -0.35193392634391785]","[0.6076475977897644, 0.3536389172077179, -0.3617420196533203]"
16:33:46.992396,"[0.5948476791381836, 0.36991894245147705, 0.12637488543987274]","[0.5923173427581787, 0.5732433795928955, 0.173765629529953]","[0.5755353569984436, 0.7923970818519592, 0.2873035967350006]","[0.5947457551956177, 0.07095682621002197, 0.11546625941991806]","[0.5989314317703247, 0.22343631088733673, 0.17823269963264465]","[0.6205164790153503, 0.3448195159435272, 0.0812210962176323]","[0.5755673050880432, 0.3671763837337494, -0.12633095681667328]","[0.5876978635787964, 0.593140184879303, -0.10391296446323395]","[0.5804491639137268, 0.8262630701065063, -0.02464263327419758]","[0.5718540549278259, 0.054495468735694885, -0.292131632566452]","[0.5801652073860168, 0.2126055210828781, -0.35149070620536804]","[0.609413743019104, 0.3525841534137726, -0.36713916063308716]"
16:33:47.051493,"[0.5969911217689514, 0.3750547766685486, 0.1298152357339859]","[0.5932485461235046, 0.5706996321678162, 0.24565286934375763]","[0.580254852771759, 0.7867764830589294, 0.4223361909389496]","[0.5945532321929932, 0.07769714295864105, 0.11824902147054672]","[0.5989511609077454, 0.22630564868450165, 0.17606320977210999]","[0.6210677027702332, 0.3458247780799866, 0.08420883864164352]","[0.5801503658294678, 0.37376898527145386, -0.12987834215164185]","[0.5849202275276184, 0.5944415330886841, -0.10494820773601532]","[0.5793936848640442, 0.8261575102806091, -0.03254082798957825]","[0.5725429058074951, 0.06099320203065872, -0.28660228848457336]","[0.5848315358161926, 0.21442168951034546, -0.3591673672199249]","[0.6130353212356567, 0.345188707113266, -0.37693774700164795]"
